sample_id,specimen_id,subject_id,group,timepoint
S001_baseline,SP001_baseline,001,control,baseline
S001_followup,SP001_followup,001,control,followup
S002_baseline,SP002_baseline,002,control,baseline
S002_followup,SP002_followup,002,control,followup
S003_baseline,SP003_baseline,003,control,baseline
S003_followup,SP003_followup,003,control,followup
S004_baseline,SP004_baseline,004,control,baseline
S004_followup,SP004_followup,004,control,followup
S005_baseline,SP005_baseline,005,control,baseline
S005_followup,SP005_followup,005,control,followup
S006_baseline,SP006_baseline,006,control,baseline
S006_followup,SP006_followup,006,control,followup
S007_baseline,SP007_baseline,007,treated,baseline
S007_followup,SP007_followup,007,treated,followup
S008_baseline,SP008_baseline,008,treated,baseline
S008_followup,SP008_followup,008,treated,followup
S009_baseline,SP009_baseline,009,treated,baseline
S009_followup,SP009_followup,009,treated,followup
S010_baseline,SP010_baseline,010,treated,baseline
S010_followup,SP010_followup,010,treated,followup
S011_baseline,SP011_baseline,011,treated,baseline
S011_followup,SP011_followup,011,treated,followup
S012_baseline,SP012_baseline,012,treated,baseline
S012_followup,SP012_followup,012,treated,followup
